
Indicator_wise_comp_report.csv
----------------------------
22-JUL-22 05.30.37.911375 PM +05:30



COUNTRY_NAME ,COUNTRY_CODE ,INDICATOR_NAME, CURR_CALDENDAR_YEAR, LAST_YEAR, "LAST_YEAR-1" , "TREND"


Africa Eastern and Southern,AFE,Agriculture- forestry- and fishing- value added (% of GDP),2020,,,NO CHANGE
Africa Western and Central,AFW,Agriculture- forestry- and fishing- value added (% of GDP),2020,14.6601476980118,,NO CHANGE
Central Europe and the Baltics,CEB,Agriculture- forestry- and fishing- value added (% of GDP),2020,22.9707242473569,14.6601476980118,DOWN
Arab World,ARB,Agriculture- forestry- and fishing- value added (% of GDP),2020,2.77694161968568,22.9707242473569,UP
Caribbean small states,CSS,Agriculture- forestry- and fishing- value added (% of GDP),2020,5.75262340303507,2.77694161968568,DOWN
East Asia & Pacific,EAS,Agriculture- forestry- and fishing- value added (% of GDP),2020,4.87026302177367,5.75262340303507,UP
Early-demographic dividend,EAR,Agriculture- forestry- and fishing- value added (% of GDP),2020,5.88284957847963,4.87026302177367,DOWN
East Asia & Pacific (excluding high income),EAP,Agriculture- forestry- and fishing- value added (% of GDP),2020,11.7620587745439,5.88284957847963,DOWN
Euro area,EMU,Agriculture- forestry- and fishing- value added (% of GDP),2020,8.36184138733653,11.7620587745439,UP
East Asia & Pacific (IDA & IBRD countries),TEA,Agriculture- forestry- and fishing- value added (% of GDP),2020,1.55189448456355,8.36184138733653,UP
Europe & Central Asia (excluding high income),ECA,Agriculture- forestry- and fishing- value added (% of GDP),2020,8.34688715258429,1.55189448456355,DOWN
Europe & Central Asia,ECS,Agriculture- forestry- and fishing- value added (% of GDP),2020,5.94575735613882,8.34688715258429,UP
European Union,EUU,Agriculture- forestry- and fishing- value added (% of GDP),2020,2.06932449290816,5.94575735613882,UP

Europe & Central Asia (IDA & IBRD countries),TEC,Agriculture- forestry- and fishing- value added (% of GDP),2020,1.65662422606566,2.06932449290816,UP
Heavily indebted poor countries (HIPC),HPC,Agriculture- forestry- and fishing- value added (% of GDP),2020,5.24874958128547,1.65662422606566,DOWN
Fragile and conflict affected situations,FCS,Agriculture- forestry- and fishing- value added (% of GDP),2020,23.5100996826415,5.24874958128547,DOWN
IBRD only,IBD,Agriculture- forestry- and fishing- value added (% of GDP),2020,20.4892616008653,23.5100996826415,UP
High income,HIC,Agriculture- forestry- and fishing- value added (% of GDP),2020,8.50368851355568,20.4892616008653,UP
IDA blend,IDB,Agriculture- forestry- and fishing- value added (% of GDP),2020,1.32608340114317,8.50368851355568,UP
IDA & IBRD total,IBT,Agriculture- forestry- and fishing- value added (% of GDP),2020,22.3082392457167,1.32608340114317,DOWN
IDA total,IDA,Agriculture- forestry- and fishing- value added (% of GDP),2020,9.41027852885487,22.3082392457167,UP
IDA only,IDX,Agriculture- forestry- and fishing- value added (% of GDP),2020,21.1341548813821,9.41027852885487,DOWN
Latin America & Caribbean,LCN,Agriculture- forestry- and fishing- value added (% of GDP),2020,20.2612205708711,21.1341548813821,UP
Late-demographic dividend,LTE,Agriculture- forestry- and fishing- value added (% of GDP),2020,6.53015291062398,20.2612205708711,UP
Latin America & the Caribbean (IDA & IBRD countries),TLA,Agriculture- forestry- and fishing- value added (% of GDP),2020,6.7891912558043,6.53015291062398,DOWN
Latin America & Caribbean (excluding high income),LAC,Agriculture- forestry- and fishing- value added (% of GDP),2020,6.80981795139941,6.7891912558043,DOWN

Low & middle income,LMY,Agriculture- forestry- and fishing- value added (% of GDP),2020,5.86242866113312,6.80981795139941,UP
Least developed countries: UN classification,LDC,Agriculture- forestry- and fishing- value added (% of GDP),2020,9.52971367291376,5.86242866113312,DOWN
Lower middle income,LMC,Agriculture- forestry- and fishing- value added (% of GDP),2020,19.7044475826761,9.52971367291376,DOWN
Low income,LIC,Agriculture- forestry- and fishing- value added (% of GDP),2020,16.1102277307344,19.7044475826761,UP
Middle East & North Africa (excluding high income),MNA,Agriculture- forestry- and fishing- value added (% of GDP),2020,26.7703892292158,16.1102277307344,DOWN
Middle East & North Africa,MEA,Agriculture- forestry- and fishing- value added (% of GDP),2020,11.0518122518244,26.7703892292158,UP
Middle East & North Africa (IDA & IBRD countries),TMN,Agriculture- forestry- and fishing- value added (% of GDP),2020,5.42882848120869,11.0518122518244,UP
North America,NAC,Agriculture- forestry- and fishing- value added (% of GDP),2020,11.1016906404576,5.42882848120869,DOWN
Middle income,MIC,Agriculture- forestry- and fishing- value added (% of GDP),2020,1.13635240617266,11.1016906404576,UP
Other small states,OSS,Agriculture- forestry- and fishing- value added (% of GDP),2020,9.2569507244877,1.13635240617266,DOWN
OECD members,OED,Agriculture- forestry- and fishing- value added (% of GDP),2020,2.44391301110587,9.2569507244877,UP
Not classified,INX,Agriculture- forestry- and fishing- value added (% of GDP),2020,1.46805254599854,2.44391301110587,UP
Post-demographic dividend,PST,Agriculture- forestry- and fishing- value added (% of GDP),2020,,1.46805254599854,NO CHANGE

Pacific island small states,PSS,Agriculture- forestry- and fishing- value added (% of GDP),2020,1.30389936299768,,NO CHANGE
Small states,SST,Agriculture- forestry- and fishing- value added (% of GDP),2020,,1.30389936299768,NO CHANGE
Pre-demographic dividend,PRE,Agriculture- forestry- and fishing- value added (% of GDP),2020,3.12837065775074,,NO CHANGE
South Asia (IDA & IBRD),TSA,Agriculture- forestry- and fishing- value added (% of GDP),2020,20.2065815122366,3.12837065775074,DOWN
South Asia,SAS,Agriculture- forestry- and fishing- value added (% of GDP),2020,17.7266217144088,20.2065815122366,UP
Sub-Saharan Africa (excluding high income),SSA,Agriculture- forestry- and fishing- value added (% of GDP),2020,17.7266217144088,17.7266217144088,NO CHANGE
Sub-Saharan Africa,SSF,Agriculture- forestry- and fishing- value added (% of GDP),2020,18.4958487943885,17.7266217144088,DOWN
Upper middle income,UMC,Agriculture- forestry- and fishing- value added (% of GDP),2020,18.484568529686,18.4958487943885,UP
Sub-Saharan Africa (IDA & IBRD countries),TSS,Agriculture- forestry- and fishing- value added (% of GDP),2020,6.98557621888865,18.484568529686,UP
Afghanistan,AFG,Agriculture- forestry- and fishing- value added (% of GDP),2020,18.484568529686,6.98557621888865,DOWN
World,WLD,Agriculture- forestry- and fishing- value added (% of GDP),2020,26.8206001075115,18.484568529686,DOWN
Algeria,DZA,Agriculture- forestry- and fishing- value added (% of GDP),2020,4.38574830783726,26.8206001075115,UP
Albania,ALB,Agriculture- forestry- and fishing- value added (% of GDP),2020,14.1347925891274,4.38574830783726,DOWN

Angola,AGO,Agriculture- forestry- and fishing- value added (% of GDP),2020,19.2644407973724,14.1347925891274,DOWN
American Samoa,ASM,Agriculture- forestry- and fishing- value added (% of GDP),2020,9.11010742433199,19.2644407973724,UP
Andorra,AND,Agriculture- forestry- and fishing- value added (% of GDP),2020,,9.11010742433199,NO CHANGE
Argentina,ARG,Agriculture- forestry- and fishing- value added (% of GDP),2020,.576826584593989,,NO CHANGE
Antigua and Barbuda,ATG,Agriculture- forestry- and fishing- value added (% of GDP),2020,5.93240449413718,.576826584593989,DOWN
Australia,AUS,Agriculture- forestry- and fishing- value added (% of GDP),2020,2.2141976776872,5.93240449413718,UP
Armenia,ARM,Agriculture- forestry- and fishing- value added (% of GDP),2020,2.00609228488954,2.2141976776872,UP
Aruba,ABW,Agriculture- forestry- and fishing- value added (% of GDP),2020,11.2134239063556,2.00609228488954,DOWN
Azerbaijan,AZE,Agriculture- forestry- and fishing- value added (% of GDP),2020,,11.2134239063556,NO CHANGE
Austria,AUT,Agriculture- forestry- and fishing- value added (% of GDP),2020,6.7389474235341,,NO CHANGE
Bahrain,BHR,Agriculture- forestry- and fishing- value added (% of GDP),2020,1.09990874209402,6.7389474235341,UP
Bahamas, The,BHS,Agriculture- forestry- and fishing- value added (% of GDP),2020,.31287419627649,1.09990874209402,UP
Barbados,BRB,Agriculture- forestry- and fishing- value added (% of GDP),2020,.832001649569565,.31287419627649,DOWN

Bangladesh,BGD,Agriculture- forestry- and fishing- value added (% of GDP),2020,1.48284003978604,.832001649569565,DOWN
Belgium,BEL,Agriculture- forestry- and fishing- value added (% of GDP),2020,11.9996864817656,1.48284003978604,DOWN
Belarus,BLR,Agriculture- forestry- and fishing- value added (% of GDP),2020,.638361925989339,11.9996864817656,UP
Benin,BEN,Agriculture- forestry- and fishing- value added (% of GDP),2020,7.07716352415493,.638361925989339,DOWN
Belize,BLZ,Agriculture- forestry- and fishing- value added (% of GDP),2020,27.1091750361118,7.07716352415493,DOWN
Bolivia,BOL,Agriculture- forestry- and fishing- value added (% of GDP),2020,11.5458462686634,27.1091750361118,UP
Bhutan,BTN,Agriculture- forestry- and fishing- value added (% of GDP),2020,14.0009305366582,11.5458462686634,DOWN
Bermuda,BMU,Agriculture- forestry- and fishing- value added (% of GDP),2020,19.2323200516745,14.0009305366582,DOWN
Botswana,BWA,Agriculture- forestry- and fishing- value added (% of GDP),2020,.255752171495781,19.2323200516745,UP
Bosnia and Herzegovina,BIH,Agriculture- forestry- and fishing- value added (% of GDP),2020,2.13088138052723,.255752171495781,DOWN
British Virgin Islands,VGB,Agriculture- forestry- and fishing- value added (% of GDP),2020,6.08448546092261,2.13088138052723,DOWN
Brazil,BRA,Agriculture- forestry- and fishing- value added (% of GDP),2020,,6.08448546092261,NO CHANGE
Bulgaria,BGR,Agriculture- forestry- and fishing- value added (% of GDP),2020,5.89324626620754,,NO CHANGE

Brunei Darussalam,BRN,Agriculture- forestry- and fishing- value added (% of GDP),2020,3.50599323872738,5.89324626620754,UP
Burundi,BDI,Agriculture- forestry- and fishing- value added (% of GDP),2020,1.21750292670974,3.50599323872738,UP
Burkina Faso,BFA,Agriculture- forestry- and fishing- value added (% of GDP),2020,28.6249455556516,1.21750292670974,DOWN
Cambodia,KHM,Agriculture- forestry- and fishing- value added (% of GDP),2020,18.3980789270946,28.6249455556516,UP
Cabo Verde,CPV,Agriculture- forestry- and fishing- value added (% of GDP),2020,22.6963952065525,18.3980789270946,DOWN
Canada,CAN,Agriculture- forestry- and fishing- value added (% of GDP),2020,4.86405018483154,22.6963952065525,UP
Cameroon,CMR,Agriculture- forestry- and fishing- value added (% of GDP),2020,,4.86405018483154,NO CHANGE
Chad,TCD,Agriculture- forestry- and fishing- value added (% of GDP),2020,17.3817904521199,,NO CHANGE
Cayman Islands,CYM,Agriculture- forestry- and fishing- value added (% of GDP),2020,46.8328453335089,17.3817904521199,DOWN
Central African Republic,CAF,Agriculture- forestry- and fishing- value added (% of GDP),2020,.44201092553259,46.8328453335089,UP
Chile,CHL,Agriculture- forestry- and fishing- value added (% of GDP),2020,29.4959372264099,.44201092553259,DOWN
Channel Islands,CHI,Agriculture- forestry- and fishing- value added (% of GDP),2020,4.08431323803002,29.4959372264099,UP
Colombia,COL,Agriculture- forestry- and fishing- value added (% of GDP),2020,,4.08431323803002,NO CHANGE

China,CHN,Agriculture- forestry- and fishing- value added (% of GDP),2020,7.39086770152564,,NO CHANGE
Congo, Dem. Rep.,COD,Agriculture- forestry- and fishing- value added (% of GDP),2020,7.69864251697224,7.39086770152564,DOWN
Comoros,COM,Agriculture- forestry- and fishing- value added (% of GDP),2020,20.8834188843753,7.69864251697224,DOWN
Costa Rica,CRI,Agriculture- forestry- and fishing- value added (% of GDP),2020,35.7828621509289,20.8834188843753,DOWN
Congo, Rep.,COG,Agriculture- forestry- and fishing- value added (% of GDP),2020,4.41427267612461,35.7828621509289,UP
Croatia,HRV,Agriculture- forestry- and fishing- value added (% of GDP),2020,,4.41427267612461,NO CHANGE
Cote d'Ivoire,CIV,Agriculture- forestry- and fishing- value added (% of GDP),2020,3.21650747053823,,NO CHANGE
Curacao,CUW,Agriculture- forestry- and fishing- value added (% of GDP),2020,21.3853918540296,3.21650747053823,DOWN
Cyprus,CYP,Agriculture- forestry- and fishing- value added (% of GDP),2020,.202090846109946,21.3853918540296,UP
Cuba,CUB,Agriculture- forestry- and fishing- value added (% of GDP),2020,1.93084166707913,.202090846109946,DOWN
Denmark,DNK,Agriculture- forestry- and fishing- value added (% of GDP),2020,2.7619420225054,1.93084166707913,DOWN
Czech Republic,CZE,Agriculture- forestry- and fishing- value added (% of GDP),2020,1.30632929331133,2.7619420225054,UP
Dominica,DMA,Agriculture- forestry- and fishing- value added (% of GDP),2020,1.91569347148341,1.30632929331133,DOWN

Djibouti,DJI,Agriculture- forestry- and fishing- value added (% of GDP),2020,15.1559447031688,1.91569347148341,DOWN
Ecuador,ECU,Agriculture- forestry- and fishing- value added (% of GDP),2020,1.68116296427059,15.1559447031688,UP
Dominican Republic,DOM,Agriculture- forestry- and fishing- value added (% of GDP),2020,9.84273075607443,1.68116296427059,DOWN
El Salvador,SLV,Agriculture- forestry- and fishing- value added (% of GDP),2020,6.04147752532252,9.84273075607443,UP
Egypt, Arab Rep.,EGY,Agriculture- forestry- and fishing- value added (% of GDP),2020,5.11248149254507,6.04147752532252,UP
Eritrea,ERI,Agriculture- forestry- and fishing- value added (% of GDP),2020,11.5676091278605,5.11248149254507,DOWN
Equatorial Guinea,GNQ,Agriculture- forestry- and fishing- value added (% of GDP),2020,,11.5676091278605,NO CHANGE
Eswatini,SWZ,Agriculture- forestry- and fishing- value added (% of GDP),2020,2.9131246545765,,NO CHANGE
Estonia,EST,Agriculture- forestry- and fishing- value added (% of GDP),2020,8.36360549895567,2.9131246545765,DOWN
Fiji,FJI,Agriculture- forestry- and fishing- value added (% of GDP),2020,2.16649665555797,8.36360549895567,UP
Faroe Islands,FRO,Agriculture- forestry- and fishing- value added (% of GDP),2020,14.467377631425,2.16649665555797,DOWN
Ethiopia,ETH,Agriculture- forestry- and fishing- value added (% of GDP),2020,13.639472306466,14.467377631425,UP
France,FRA,Agriculture- forestry- and fishing- value added (% of GDP),2020,35.5582693458206,13.639472306466,DOWN

Finland,FIN,Agriculture- forestry- and fishing- value added (% of GDP),2020,1.59684045057016,35.5582693458206,UP
Gabon,GAB,Agriculture- forestry- and fishing- value added (% of GDP),2020,2.44921111788063,1.59684045057016,DOWN
French Polynesia,PYF,Agriculture- forestry- and fishing- value added (% of GDP),2020,6.65899100998586,2.44921111788063,DOWN
Georgia,GEO,Agriculture- forestry- and fishing- value added (% of GDP),2020,,6.65899100998586,NO CHANGE
Gambia, The,GMB,Agriculture- forestry- and fishing- value added (% of GDP),2020,7.28866812979586,,NO CHANGE
Ghana,GHA,Agriculture- forestry- and fishing- value added (% of GDP),2020,20.9768301735707,7.28866812979586,DOWN
Germany,DEU,Agriculture- forestry- and fishing- value added (% of GDP),2020,18.8537826617709,20.9768301735707,UP
Greenland,GRL,Agriculture- forestry- and fishing- value added (% of GDP),2020,.735309838577486,18.8537826617709,UP
Gibraltar,GIB,Agriculture- forestry- and fishing- value added (% of GDP),2020,17.3219503468564,.735309838577486,DOWN
Greece,GRC,Agriculture- forestry- and fishing- value added (% of GDP),2020,,17.3219503468564,NO CHANGE
Guatemala,GTM,Agriculture- forestry- and fishing- value added (% of GDP),2020,4.23080455249904,,NO CHANGE
Guam,GUM,Agriculture- forestry- and fishing- value added (% of GDP),2020,10.2434194558075,4.23080455249904,DOWN
Grenada,GRD,Agriculture- forestry- and fishing- value added (% of GDP),2020,,10.2434194558075,NO CHANGE

Guinea-Bissau,GNB,Agriculture- forestry- and fishing- value added (% of GDP),2020,4.90306011976388,,NO CHANGE
Guinea,GIN,Agriculture- forestry- and fishing- value added (% of GDP),2020,30.8632447518505,4.90306011976388,DOWN
Haiti,HTI,Agriculture- forestry- and fishing- value added (% of GDP),2020,25.7366305718819,30.8632447518505,UP
Guyana,GUY,Agriculture- forestry- and fishing- value added (% of GDP),2020,20.3625000491202,25.7366305718819,UP
Hong Kong SAR, China,HKG,Agriculture- forestry- and fishing- value added (% of GDP),2020,16.8511786471615,20.3625000491202,UP
Honduras,HND,Agriculture- forestry- and fishing- value added (% of GDP),2020,.0989790357318805,16.8511786471615,UP
Kiribati,KIR,Agriculture- forestry- and fishing- value added (% of GDP),2020,12.1171809163756,.0989790357318805,DOWN
Kenya,KEN,Agriculture- forestry- and fishing- value added (% of GDP),2020,26.1760016957644,12.1171809163756,DOWN
Kazakhstan,KAZ,Agriculture- forestry- and fishing- value added (% of GDP),2020,22.6210088545818,26.1760016957644,UP
Korea, Dem. People's Rep.,PRK,Agriculture- forestry- and fishing- value added (% of GDP),2020,5.3912826934481,22.6210088545818,UP
Japan,JPN,Agriculture- forestry- and fishing- value added (% of GDP),2020,,5.3912826934481,NO CHANGE
Jordan,JOR,Agriculture- forestry- and fishing- value added (% of GDP),2020,1.04427085559301,,NO CHANGE
Jamaica,JAM,Agriculture- forestry- and fishing- value added (% of GDP),2020,5.20222469388658,1.04427085559301,DOWN

Italy,ITA,Agriculture- forestry- and fishing- value added (% of GDP),2020,8.6832359903362,5.20222469388658,DOWN
Israel,ISR,Agriculture- forestry- and fishing- value added (% of GDP),2020,2.00990886506843,8.6832359903362,UP
Ireland,IRL,Agriculture- forestry- and fishing- value added (% of GDP),2020,1.15367926814537,2.00990886506843,UP
Iraq,IRQ,Agriculture- forestry- and fishing- value added (% of GDP),2020,.92947432961091,1.15367926814537,UP
Isle of Man,IMN,Agriculture- forestry- and fishing- value added (% of GDP),2020,5.97488228338059,.92947432961091,DOWN
Iran, Islamic Rep.,IRN,Agriculture- forestry- and fishing- value added (% of GDP),2020,,5.97488228338059,NO CHANGE
Hungary,HUN,Agriculture- forestry- and fishing- value added (% of GDP),2020,12.7762830202344,,NO CHANGE
Iceland,ISL,Agriculture- forestry- and fishing- value added (% of GDP),2020,3.38082220485416,12.7762830202344,UP
India,IND,Agriculture- forestry- and fishing- value added (% of GDP),2020,4.33388983234045,3.38082220485416,DOWN
Indonesia,IDN,Agriculture- forestry- and fishing- value added (% of GDP),2020,18.2289275679861,4.33388983234045,DOWN
Lesotho,LSO,Agriculture- forestry- and fishing- value added (% of GDP),2020,13.7024660064027,18.2289275679861,UP
Lebanon,LBN,Agriculture- forestry- and fishing- value added (% of GDP),2020,4.74268175053398,13.7024660064027,UP
Latvia,LVA,Agriculture- forestry- and fishing- value added (% of GDP),2020,8.94069440829103,4.74268175053398,DOWN

Liberia,LBR,Agriculture- forestry- and fishing- value added (% of GDP),2020,4.03777855692211,8.94069440829103,UP
Lao PDR,LAO,Agriculture- forestry- and fishing- value added (% of GDP),2020,41.0519657129347,4.03777855692211,DOWN
Kosovo,XKX,Agriculture- forestry- and fishing- value added (% of GDP),2020,16.3377623592616,41.0519657129347,UP
Kyrgyz Republic,KGZ,Agriculture- forestry- and fishing- value added (% of GDP),2020,7.36200975780916,16.3377623592616,UP
Kuwait,KWT,Agriculture- forestry- and fishing- value added (% of GDP),2020,13.5743343984907,7.36200975780916,DOWN
Korea, Rep.,KOR,Agriculture- forestry- and fishing- value added (% of GDP),2020,.457473273068322,13.5743343984907,UP
Luxembourg,LUX,Agriculture- forestry- and fishing- value added (% of GDP),2020,1.832292166929,.457473273068322,DOWN
Macao SAR, China,MAC,Agriculture- forestry- and fishing- value added (% of GDP),2020,.204381308291069,1.832292166929,UP
Libya,LBY,Agriculture- forestry- and fishing- value added (% of GDP),2020,,.204381308291069,NO CHANGE
Lithuania,LTU,Agriculture- forestry- and fishing- value added (% of GDP),2020,,,NO CHANGE
Liechtenstein,LIE,Agriculture- forestry- and fishing- value added (% of GDP),2020,3.23702260577209,,NO CHANGE
Maldives,MDV,Agriculture- forestry- and fishing- value added (% of GDP),2020,,3.23702260577209,NO CHANGE
Malawi,MWI,Agriculture- forestry- and fishing- value added (% of GDP),2020,7.99845989835196,,NO CHANGE

Malaysia,MYS,Agriculture- forestry- and fishing- value added (% of GDP),2020,22.6552060808202,7.99845989835196,DOWN
Madagascar,MDG,Agriculture- forestry- and fishing- value added (% of GDP),2020,8.19452244402605,22.6552060808202,UP
Malta,MLT,Agriculture- forestry- and fishing- value added (% of GDP),2020,24.7993165007735,8.19452244402605,DOWN
Mali,MLI,Agriculture- forestry- and fishing- value added (% of GDP),2020,.437712924072268,24.7993165007735,UP
Mauritius,MUS,Agriculture- forestry- and fishing- value added (% of GDP),2020,36.1880449703943,.437712924072268,DOWN
Marshall Islands,MHL,Agriculture- forestry- and fishing- value added (% of GDP),2020,3.40631683992595,36.1880449703943,UP
Mauritania,MRT,Agriculture- forestry- and fishing- value added (% of GDP),2020,21.7620378430384,3.40631683992595,DOWN
Micronesia, Fed. Sts.,FSM,Agriculture- forestry- and fishing- value added (% of GDP),2020,20.1879211720807,21.7620378430384,UP
Mexico,MEX,Agriculture- forestry- and fishing- value added (% of GDP),2020,22.4974259199982,20.1879211720807,DOWN
Monaco,MCO,Agriculture- forestry- and fishing- value added (% of GDP),2020,3.79849641975051,22.4974259199982,UP
Mongolia,MNG,Agriculture- forestry- and fishing- value added (% of GDP),2020,,3.79849641975051,NO CHANGE
Moldova,MDA,Agriculture- forestry- and fishing- value added (% of GDP),2020,12.9656563032859,,NO CHANGE
Norway,NOR,Agriculture- forestry- and fishing- value added (% of GDP),2020,8.69170647720657,12.9656563032859,UP

Oman,OMN,Agriculture- forestry- and fishing- value added (% of GDP),2020,1.80538992651593,8.69170647720657,UP
Northern Mariana Islands,MNP,Agriculture- forestry- and fishing- value added (% of GDP),2020,2.5646881372618,1.80538992651593,DOWN
North Macedonia,MKD,Agriculture- forestry- and fishing- value added (% of GDP),2020,,2.5646881372618,NO CHANGE
Niger,NER,Agriculture- forestry- and fishing- value added (% of GDP),2020,8.61721735975278,,NO CHANGE
Nigeria,NGA,Agriculture- forestry- and fishing- value added (% of GDP),2020,38.3847253226942,8.61721735975278,DOWN
New Zealand,NZL,Agriculture- forestry- and fishing- value added (% of GDP),2020,24.1433058676092,38.3847253226942,UP
New Caledonia,NCL,Agriculture- forestry- and fishing- value added (% of GDP),2020,,24.1433058676092,NO CHANGE
Nicaragua,NIC,Agriculture- forestry- and fishing- value added (% of GDP),2020,,,NO CHANGE
Netherlands,NLD,Agriculture- forestry- and fishing- value added (% of GDP),2020,15.5600075879906,,NO CHANGE
Nauru,NRU,Agriculture- forestry- and fishing- value added (% of GDP),2020,1.58231210043807,15.5600075879906,UP
Namibia,NAM,Agriculture- forestry- and fishing- value added (% of GDP),2020,,1.58231210043807,NO CHANGE
Nepal,NPL,Agriculture- forestry- and fishing- value added (% of GDP),2020,9.18600979630616,,NO CHANGE
Montenegro,MNE,Agriculture- forestry- and fishing- value added (% of GDP),2020,22.1800901927127,9.18600979630616,DOWN

Mozambique,MOZ,Agriculture- forestry- and fishing- value added (% of GDP),2020,7.55489215188015,22.1800901927127,UP
Myanmar,MMR,Agriculture- forestry- and fishing- value added (% of GDP),2020,25.5774210696372,7.55489215188015,DOWN
Morocco,MAR,Agriculture- forestry- and fishing- value added (% of GDP),2020,20.9337779202196,25.5774210696372,UP
Panama,PAN,Agriculture- forestry- and fishing- value added (% of GDP),2020,11.6822897401702,20.9337779202196,UP
Palau,PLW,Agriculture- forestry- and fishing- value added (% of GDP),2020,2.76970816312129,11.6822897401702,UP
Pakistan,PAK,Agriculture- forestry- and fishing- value added (% of GDP),2020,3.29840900271634,2.76970816312129,DOWN
Saudi Arabia,SAU,Agriculture- forestry- and fishing- value added (% of GDP),2020,21.8630041859978,3.29840900271634,DOWN
Senegal,SEN,Agriculture- forestry- and fishing- value added (% of GDP),2020,2.54190509866685,21.8630041859978,UP
San Marino,SMR,Agriculture- forestry- and fishing- value added (% of GDP),2020,16.2158547282752,2.54190509866685,DOWN
Sao Tome and Principe,STP,Agriculture- forestry- and fishing- value added (% of GDP),2020,.0141007868342573,16.2158547282752,UP
Serbia,SRB,Agriculture- forestry- and fishing- value added (% of GDP),2020,13.9917970001054,.0141007868342573,DOWN
Russian Federation,RUS,Agriculture- forestry- and fishing- value added (% of GDP),2020,6.34297128595253,13.9917970001054,UP
Rwanda,RWA,Agriculture- forestry- and fishing- value added (% of GDP),2020,4.00204494456988,6.34297128595253,UP

Samoa,WSM,Agriculture- forestry- and fishing- value added (% of GDP),2020,26.6308748641178,4.00204494456988,DOWN
Romania,ROU,Agriculture- forestry- and fishing- value added (% of GDP),2020,10.2496617027075,26.6308748641178,UP
Qatar,QAT,Agriculture- forestry- and fishing- value added (% of GDP),2020,3.96740622409817,10.2496617027075,UP
Poland,POL,Agriculture- forestry- and fishing- value added (% of GDP),2020,.338750393788988,3.96740622409817,UP
Philippines,PHL,Agriculture- forestry- and fishing- value added (% of GDP),2020,2.50217479507069,.338750393788988,DOWN
Portugal,PRT,Agriculture- forestry- and fishing- value added (% of GDP),2020,10.1853110319109,2.50217479507069,DOWN
Puerto Rico,PRI,Agriculture- forestry- and fishing- value added (% of GDP),2020,2.10540263892753,10.1853110319109,UP
Papua New Guinea,PNG,Agriculture- forestry- and fishing- value added (% of GDP),2020,.61800514454863,2.10540263892753,UP
Peru,PER,Agriculture- forestry- and fishing- value added (% of GDP),2020,,.61800514454863,NO CHANGE
Paraguay,PRY,Agriculture- forestry- and fishing- value added (% of GDP),2020,7.70251042998047,,NO CHANGE
Suriname,SUR,Agriculture- forestry- and fishing- value added (% of GDP),2020,11.0834607938359,7.70251042998047,DOWN
St. Vincent and the Grenadines,VCT,Agriculture- forestry- and fishing- value added (% of GDP),2020,8.19492608140172,11.0834607938359,UP
Sudan,SDN,Agriculture- forestry- and fishing- value added (% of GDP),2020,8.56773123940268,8.19492608140172,DOWN

Sweden,SWE,Agriculture- forestry- and fishing- value added (% of GDP),2020,20.3562752284898,8.56773123940268,DOWN
St. Martin (French part),MAF,Agriculture- forestry- and fishing- value added (% of GDP),2020,1.39020112029361,20.3562752284898,UP
St. Lucia,LCA,Agriculture- forestry- and fishing- value added (% of GDP),2020,,1.39020112029361,NO CHANGE
Spain,ESP,Agriculture- forestry- and fishing- value added (% of GDP),2020,2.22871501746496,,NO CHANGE
St. Kitts and Nevis,KNA,Agriculture- forestry- and fishing- value added (% of GDP),2020,3.14800685949794,2.22871501746496,DOWN
South Sudan,SSD,Agriculture- forestry- and fishing- value added (% of GDP),2020,1.29660945688942,3.14800685949794,UP
Sri Lanka,LKA,Agriculture- forestry- and fishing- value added (% of GDP),2020,9.57540463809131,1.29660945688942,DOWN
South Africa,ZAF,Agriculture- forestry- and fishing- value added (% of GDP),2020,8.59022186953242,9.57540463809131,UP
Slovenia,SVN,Agriculture- forestry- and fishing- value added (% of GDP),2020,2.52758414638469,8.59022186953242,UP
Somalia,SOM,Agriculture- forestry- and fishing- value added (% of GDP),2020,2.12220687963007,2.52758414638469,UP
Solomon Islands,SLB,Agriculture- forestry- and fishing- value added (% of GDP),2020,,2.12220687963007,NO CHANGE
Slovak Republic,SVK,Agriculture- forestry- and fishing- value added (% of GDP),2020,,,NO CHANGE
Sierra Leone,SLE,Agriculture- forestry- and fishing- value added (% of GDP),2020,1.75770213948195,,NO CHANGE

Seychelles,SYC,Agriculture- forestry- and fishing- value added (% of GDP),2020,59.4873958863112,1.75770213948195,DOWN
Singapore,SGP,Agriculture- forestry- and fishing- value added (% of GDP),2020,2.47222353553023,59.4873958863112,UP
Sint Maarten (Dutch part),SXM,Agriculture- forestry- and fishing- value added (% of GDP),2020,.0331650730639154,2.47222353553023,UP
Syrian Arab Republic,SYR,Agriculture- forestry- and fishing- value added (% of GDP),2020,,.0331650730639154,NO CHANGE
Switzerland,CHE,Agriculture- forestry- and fishing- value added (% of GDP),2020,,,NO CHANGE
United Arab Emirates,ARE,Agriculture- forestry- and fishing- value added (% of GDP),2020,.689423075489432,,NO CHANGE
Ukraine,UKR,Agriculture- forestry- and fishing- value added (% of GDP),2020,.918609462781534,.689423075489432,DOWN
United States,USA,Agriculture- forestry- and fishing- value added (% of GDP),2020,9.31015109807472,.918609462781534,DOWN
United Kingdom,GBR,Agriculture- forestry- and fishing- value added (% of GDP),2020,1.05974256107364,9.31015109807472,UP
Uganda,UGA,Agriculture- forestry- and fishing- value added (% of GDP),2020,.583198977297511,1.05974256107364,UP
Turkiye,TUR,Agriculture- forestry- and fishing- value added (% of GDP),2020,23.9290337205103,.583198977297511,DOWN
Turks and Caicos Islands,TCA,Agriculture- forestry- and fishing- value added (% of GDP),2020,6.68055966342634,23.9290337205103,UP
Tuvalu,TUV,Agriculture- forestry- and fishing- value added (% of GDP),2020,.430680641975896,6.68055966342634,UP

Turkmenistan,TKM,Agriculture- forestry- and fishing- value added (% of GDP),2020,,.430680641975896,NO CHANGE
Togo,TGO,Agriculture- forestry- and fishing- value added (% of GDP),2020,,,NO CHANGE
Tunisia,TUN,Agriculture- forestry- and fishing- value added (% of GDP),2020,18.7766483059643,,NO CHANGE
Trinidad and Tobago,TTO,Agriculture- forestry- and fishing- value added (% of GDP),2020,10.1866069845476,18.7766483059643,UP
Tonga,TON,Agriculture- forestry- and fishing- value added (% of GDP),2020,1.1135309177895,10.1866069845476,UP
Timor-Leste,TLS,Agriculture- forestry- and fishing- value added (% of GDP),2020,17.6577984196713,1.1135309177895,DOWN
Tanzania,TZA,Agriculture- forestry- and fishing- value added (% of GDP),2020,15.4355203524757,17.6577984196713,UP
Tajikistan,TJK,Agriculture- forestry- and fishing- value added (% of GDP),2020,26.7371112693473,15.4355203524757,DOWN
Thailand,THA,Agriculture- forestry- and fishing- value added (% of GDP),2020,23.9638010774396,26.7371112693473,UP
Uruguay,URY,Agriculture- forestry- and fishing- value added (% of GDP),2020,8.69768165551579,23.9638010774396,UP
Uzbekistan,UZB,Agriculture- forestry- and fishing- value added (% of GDP),2020,7.28668644616169,8.69768165551579,UP
Zambia,ZMB,Agriculture- forestry- and fishing- value added (% of GDP),2020,25.1214399709681,7.28668644616169,DOWN
Zimbabwe,ZWE,Agriculture- forestry- and fishing- value added (% of GDP),2020,2.9770863463156,25.1214399709681,UP

Yemen, Rep.,YEM,Agriculture- forestry- and fishing- value added (% of GDP),2020,7.60710061920155,2.9770863463156,DOWN
Venezuela, RB,VEN,Agriculture- forestry- and fishing- value added (% of GDP),2020,5.00096223283863,7.60710061920155,UP
Virgin Islands (U.S.),VIR,Agriculture- forestry- and fishing- value added (% of GDP),2020,,5.00096223283863,NO CHANGE
West Bank and Gaza,PSE,Agriculture- forestry- and fishing- value added (% of GDP),2020,,,NO CHANGE
Vanuatu,VUT,Agriculture- forestry- and fishing- value added (% of GDP),2020,7.10160510439939,,NO CHANGE
Vietnam,VNM,Agriculture- forestry- and fishing- value added (% of GDP),2020,,7.10160510439939,NO CHANGE

266 rows selected.

